"","RGR","Temp"
"1",0.465883424437982,28.3093525179856
